fecha,costo_del_dia,costo_acumulado
2022-01-01,1645.31,1645.31
2022-01-02,170998.52,172643.83
2022-01-03,1831.60,174475.43
2022-01-05,24588.76,199064.19
2022-01-06,33844.80,232908.99
2022-01-07,136582.66,369491.65
2022-01-08,55321.42,424813.07
2022-01-10,75489.26,500302.33
2022-01-12,271647.41,771949.74
2022-01-14,14847.32,786797.06
2022-01-15,252183.35,1038980.41
2022-01-18,4222.76,1043203.17
2022-01-19,49619.85,1092823.02
2022-01-21,101152.78,1193975.80
2022-01-22,124306.56,1318282.36
2022-01-23,27953.69,1346236.05
2022-01-24,35855.19,1382091.24
2022-01-25,30201.96,1412293.20
2022-01-26,8253.73,1420546.93
2022-01-27,3167.36,1423714.29
2022-01-28,12181.45,1435895.74
2022-01-29,8864.03,1444759.77
2022-01-30,25812.96,1470572.73
2022-01-31,76506.38,1547079.11
2022-02-01,59637.32,1606716.43
2022-02-02,48151.48,1654867.91
2022-02-03,76894.11,1731762.02
2022-02-05,12613.92,1744375.94
2022-02-07,267503.05,2011878.99
2022-02-08,92770.22,2104649.21
2022-02-10,6903.48,2111552.69
2022-02-11,57687.56,2169240.25
2022-02-13,22206.03,2191446.28
2022-02-14,32584.62,2224030.90
2022-02-16,185710.33,2409741.23
2022-02-19,1485.50,2411226.73
2022-02-20,33285.89,2444512.62
2022-02-21,41589.22,2486101.84
2022-02-22,160799.13,2646900.97
2022-02-23,4742.54,2651643.51
2022-02-24,3008.56,2654652.07
2022-02-25,34172.57,2688824.64
2022-02-26,15177.95,2704002.59
2022-02-27,25569.98,2729572.57
2022-02-28,91494.76,2821067.33
2022-03-01,7749.46,2828816.79
2022-03-02,12527.54,2841344.33
2022-03-03,96380.64,2937724.97
2022-03-04,13966.50,2951691.47
2022-03-05,802.55,2952494.02
2022-03-07,1243.33,2953737.35
2022-03-08,6598.73,2960336.08
2022-03-09,14126.33,2974462.41
2022-03-10,5212.48,2979674.89
2022-03-12,190088.23,3169763.12
2022-03-13,15888.05,3185651.17
2022-03-14,2217.22,3187868.39
2022-03-15,153430.17,3341298.56
2022-03-16,5343.41,3346641.97
2022-03-17,43103.28,3389745.25
2022-03-18,4229.62,3393974.87
2022-03-19,19639.32,3413614.19
2022-03-20,1338.07,3414952.26
2022-03-21,79076.33,3494028.59
2022-03-22,15837.61,3509866.20
2022-03-23,356311.04,3866177.24
2022-03-24,29174.97,3895352.21
2022-03-26,33083.04,3928435.25
2022-03-27,238878.58,4167313.83
2022-03-28,92170.63,4259484.46
2022-03-30,96064.23,4355548.69
2022-03-31,4723.69,4360272.38
2022-04-01,94615.96,4454888.34
2022-04-02,19328.06,4474216.40
2022-04-03,171570.01,4645786.41
2022-04-04,1070.22,4646856.63
2022-04-05,104620.57,4751477.20
2022-04-07,35534.43,4787011.63
2022-04-09,4184.84,4791196.47
2022-04-10,63405.90,4854602.37
2022-04-11,4709.65,4859312.02
2022-04-12,92385.83,4951697.85
2022-04-13,83894.96,5035592.81
2022-04-14,91896.67,5127489.48
2022-04-15,23469.22,5150958.70
2022-04-16,34919.28,5185877.98
2022-04-17,5051.94,5190929.92
2022-04-18,1909.36,5192839.28
2022-04-19,34574.97,5227414.25
2022-04-20,287187.75,5514602.00
2022-04-21,3360.59,5517962.59
2022-04-22,20642.01,5538604.60
2022-04-23,102941.02,5641545.62
2022-04-24,23525.24,5665070.86
2022-04-25,12894.76,5677965.62
2022-04-27,7038.27,5685003.89
2022-04-28,2148.21,5687152.10
2022-04-29,4636.22,5691788.32
2022-04-30,33503.47,5725291.79
2022-05-01,4114.77,5729406.56
2022-05-02,26873.08,5756279.64
2022-05-03,38698.25,5794977.89
2022-05-04,3953.51,5798931.40
2022-05-05,4140.64,5803072.04
2022-05-06,13678.16,5816750.20
2022-05-07,102133.67,5918883.87
2022-05-08,15279.93,5934163.80
2022-05-09,57571.64,5991735.44
2022-05-11,47525.66,6039261.10
2022-05-12,2683.37,6041944.47
2022-05-13,15613.84,6057558.31
2022-05-14,7176.74,6064735.05
2022-05-15,4324.68,6069059.73
2022-05-16,24047.17,6093106.90
2022-05-17,1118.70,6094225.60
2022-05-18,211391.18,6305616.78
2022-05-19,846.66,6306463.44
2022-05-20,35539.11,6342002.55
2022-05-22,93096.09,6435098.64
2022-05-23,7993.54,6443092.18
2022-05-24,34417.95,6477510.13
2022-05-25,64057.33,6541567.46
2022-05-26,2360.49,6543927.95
2022-05-27,95226.84,6639154.79
2022-05-28,14683.01,6653837.80
2022-05-30,61056.39,6714894.19
2022-05-31,511589.99,7226484.18
2022-06-01,89446.24,7315930.42
2022-06-03,223536.34,7539466.76
2022-06-04,20972.02,7560438.78
2022-06-05,731.30,7561170.08
2022-06-06,3808.48,7564978.56
2022-06-07,38405.62,7603384.18
2022-06-08,1683.22,7605067.40
2022-06-09,48113.42,7653180.82
2022-06-10,55043.85,7708224.67
2022-06-11,8480.41,7716705.08
2022-06-13,852.06,7717557.14
2022-06-16,17317.95,7734875.09
2022-06-18,467087.30,8201962.39
2022-06-19,62240.97,8264203.36
2022-06-20,152816.64,8417020.00
2022-06-22,24819.73,8441839.73
2022-06-23,172568.41,8614408.14
2022-06-25,1819.21,8616227.35
2022-06-26,22501.03,8638728.38
2022-06-27,16871.27,8655599.65
2022-06-29,13226.18,8668825.83
2022-06-30,1883.88,8670709.71
2022-07-01,188205.65,8858915.36
2022-07-02,155084.12,9013999.48
2022-07-03,69482.12,9083481.60
2022-07-04,5872.95,9089354.55
2022-07-05,7961.12,9097315.67
2022-07-07,1192.63,9098508.30
2022-07-08,3048.93,9101557.23
2022-07-09,4737.63,9106294.86
2022-07-10,219429.78,9325724.64
2022-07-11,108027.15,9433751.79
2022-07-12,9978.19,9443729.98
2022-07-13,45908.89,9489638.87
2022-07-15,23811.41,9513450.28
2022-07-17,984.58,9514434.86
2022-07-18,330095.97,9844530.83
2022-07-19,5371.94,9849902.77
2022-07-20,328454.45,10178357.22
2022-07-22,83646.71,10262003.93
2022-07-23,51075.03,10313078.96
2022-07-24,480580.02,10793658.98
2022-07-25,14389.21,10808048.19
2022-07-26,57070.56,10865118.75
2022-07-27,7808.76,10872927.51
2022-07-28,59903.69,10932831.20
2022-07-29,80219.84,11013051.04
2022-07-30,11802.94,11024853.98
2022-07-31,20934.70,11045788.68
2022-08-01,77305.87,11123094.55
2022-08-02,54541.38,11177635.93
2022-08-03,4671.62,11182307.55
2022-08-04,8137.61,11190445.16
2022-08-05,61100.34,11251545.50
2022-08-06,6522.65,11258068.15
2022-08-07,18571.46,11276639.61
2022-08-08,18321.98,11294961.59
2022-08-09,28261.23,11323222.82
2022-08-11,412781.41,11736004.23
2022-08-12,103182.60,11839186.83
2022-08-13,14518.75,11853705.58
2022-08-14,22493.15,11876198.73
2022-08-15,2394.75,11878593.48
2022-08-17,7839.86,11886433.34
2022-08-18,6370.24,11892803.58
2022-08-19,2346.44,11895150.02
2022-08-20,17446.28,11912596.30
2022-08-21,22388.13,11934984.43
2022-08-22,24302.02,11959286.45
2022-08-23,105196.75,12064483.20
2022-08-24,14125.21,12078608.41
2022-08-26,4609.78,12083218.19
2022-08-27,2716.81,12085935.00
2022-08-28,13365.36,12099300.36
2022-08-29,11870.78,12111171.14
2022-08-30,10678.98,12121850.12
2022-08-31,4601.61,12126451.73
2022-09-01,128933.60,12255385.33
2022-09-03,4390.26,12259775.59
2022-09-04,57158.84,12316934.43
2022-09-07,3937.36,12320871.79
2022-09-08,4740.81,12325612.60
2022-09-09,8843.46,12334456.06
2022-09-10,16526.54,12350982.60
2022-09-11,3930.23,12354912.83
2022-09-12,23357.01,12378269.84
2022-09-13,110101.28,12488371.12
2022-09-14,23081.36,12511452.48
2022-09-15,103710.76,12615163.24
2022-09-16,282014.16,12897177.40
2022-09-18,96806.91,12993984.31
2022-09-19,29260.86,13023245.17
2022-09-20,19145.60,13042390.77
2022-09-21,96213.48,13138604.25
2022-09-22,94530.24,13233134.49
2022-09-23,8187.66,13241322.15
2022-09-24,108579.75,13349901.90
2022-09-25,1129.27,13351031.17
2022-09-26,3661.33,13354692.50
2022-09-28,27163.87,13381856.37
2022-09-30,447690.90,13829547.27
2022-10-01,1144.46,13830691.73
2022-10-02,66076.98,13896768.71
2022-10-03,18268.85,13915037.56
2022-10-05,19188.71,13934226.27
2022-10-06,400600.09,14334826.36
2022-10-07,20118.03,14354944.39
2022-10-08,1212.33,14356156.72
2022-10-09,13230.94,14369387.66
2022-10-10,102988.15,14472375.81
2022-10-11,5235.51,14477611.32
2022-10-12,3484.13,14481095.45
2022-10-13,23336.02,14504431.47
2022-10-15,1609.81,14506041.28
2022-10-17,6728.13,14512769.41
2022-10-18,3858.54,14516627.95
2022-10-19,17319.07,14533947.02
2022-10-20,22562.12,14556509.14
2022-10-21,17723.46,14574232.60
2022-10-22,3310.49,14577543.09
2022-10-23,455125.18,15032668.27
2022-10-24,7949.36,15040617.63
2022-10-25,447590.98,15488208.61
2022-10-27,23924.33,15512132.94
2022-10-30,4204.01,15516336.95
2022-10-31,14907.66,15531244.61
2022-11-01,4615.27,15535859.88
2022-11-02,4652.03,15540511.91
2022-11-03,5578.54,15546090.45
2022-11-04,163317.30,15709407.75
2022-11-05,32972.74,15742380.49
2022-11-06,2625.30,15745005.79
2022-11-07,31502.52,15776508.31
2022-11-08,255876.38,16032384.69
2022-11-09,3367.39,16035752.08
2022-11-10,2342.46,16038094.54
2022-11-11,29899.30,16067993.84
2022-11-12,22876.07,16090869.91
2022-11-13,64534.12,16155404.03
2022-11-15,9063.53,16164467.56
2022-11-16,24670.33,16189137.89
2022-11-17,50872.46,16240010.35
2022-11-18,93299.12,16333309.47
2022-11-19,2986.19,16336295.66
2022-11-20,18922.58,16355218.24
2022-11-21,24307.39,16379525.63
2022-11-22,3418.19,16382943.82
2022-11-23,8067.21,16391011.03
2022-11-24,90564.78,16481575.81
2022-11-25,12820.60,16494396.41
2022-11-26,74475.32,16568871.73
2022-11-27,329810.49,16898682.22
2022-11-29,66947.82,16965630.04
2022-11-30,1826.27,16967456.31
2022-12-01,32106.73,16999563.04
2022-12-03,10279.66,17009842.70
2022-12-04,137120.15,17146962.85
2022-12-05,729.41,17147692.26
2022-12-06,13766.01,17161458.27
2022-12-07,9861.58,17171319.85
2022-12-08,507502.67,17678822.52
2022-12-09,34039.62,17712862.14
2022-12-10,4143.14,17717005.28
2022-12-11,11930.18,17728935.46
2022-12-12,33811.22,17762746.68
2022-12-13,196587.10,17959333.78
2022-12-14,3291.69,17962625.47
2022-12-15,1116.97,17963742.44
2022-12-16,333263.96,18297006.40
2022-12-17,4658.70,18301665.10
2022-12-18,37432.56,18339097.66
2022-12-19,1268.10,18340365.76
2022-12-20,54890.49,18395256.25
2022-12-21,34445.12,18429701.37
2022-12-22,16721.30,18446422.67
2022-12-24,4011.03,18450433.70
2022-12-25,4245.28,18454678.98
2022-12-26,11625.97,18466304.95
2022-12-27,6418.12,18472723.07
2022-12-28,3493.06,18476216.13
2022-12-29,89105.39,18565321.52
2022-12-31,448678.86,19014000.38
2023-01-01,48947.53,19062947.91
2023-01-02,45710.90,19108658.81
2023-01-03,1224.96,19109883.77
2023-01-04,259162.99,19369046.76
2023-01-05,23834.17,19392880.93
2023-01-06,7121.89,19400002.82
2023-01-07,2847.60,19402850.42
2023-01-08,80401.93,19483252.35
2023-01-09,44245.12,19527497.47
2023-01-10,1589.25,19529086.72
2023-01-12,33925.83,19563012.55
2023-01-13,6751.59,19569764.14
2023-01-14,17961.21,19587725.35
2023-01-15,2955.20,19590680.55
2023-01-16,54331.02,19645011.57
2023-01-17,63417.80,19708429.37
2023-01-18,1558.11,19709987.48
2023-01-19,493578.79,20203566.27
2023-01-20,42446.39,20246012.66
2023-01-22,36517.39,20282530.05
2023-01-23,4781.81,20287311.86
2023-01-24,64828.54,20352140.40
2023-01-25,15781.09,20367921.49
2023-01-26,3713.44,20371634.93
2023-01-27,1431.89,20373066.82
2023-01-28,12772.59,20385839.41
2023-01-29,3956.66,20389796.07
2023-01-30,29710.73,20419506.80
2023-02-01,5041.16,20424547.96
2023-02-02,88854.23,20513402.19
2023-02-03,186178.45,20699580.64
2023-02-05,30396.19,20729976.83
2023-02-06,17435.75,20747412.58
2023-02-07,586.51,20747999.09
2023-02-08,20088.01,20768087.10
2023-02-09,90563.38,20858650.48
2023-02-11,7961.18,20866611.66
2023-02-12,21551.29,20888162.95
2023-02-13,13001.78,20901164.73
2023-02-14,14621.15,20915785.88
2023-02-15,479032.24,21394818.12
2023-02-18,44087.74,21438905.86
2023-02-19,97749.82,21536655.68
2023-02-20,376939.21,21913594.89
2023-02-21,24750.39,21938345.28
2023-02-22,80188.06,22018533.34
2023-02-23,419331.82,22437865.16
2023-02-24,144436.10,22582301.26
2023-02-25,2607.96,22584909.22
2023-02-26,92985.87,22677895.09
2023-02-27,33012.23,22710907.32
2023-02-28,90860.81,22801768.13
2023-03-01,12718.09,22814486.22
2023-03-02,44449.67,22858935.89
2023-03-03,1510.92,22860446.81
2023-03-05,11347.44,22871794.25
2023-03-06,67011.29,22938805.54
2023-03-07,1736.56,22940542.10
2023-03-08,8295.73,22948837.83
2023-03-09,35304.41,22984142.24
2023-03-10,46022.74,23030164.98
2023-03-11,20981.32,23051146.30
2023-03-12,37445.83,23088592.13
2023-03-13,1191.78,23089783.91
2023-03-14,945.71,23090729.62
2023-03-15,82676.17,23173405.79
2023-03-16,67853.54,23241259.33
2023-03-17,56199.37,23297458.70
2023-03-18,131042.48,23428501.18
2023-03-19,2032.03,23430533.21
2023-03-20,12187.67,23442720.88
2023-03-21,6821.70,23449542.58
2023-03-22,4151.87,23453694.45
2023-03-23,17833.26,23471527.71
2023-03-24,84461.99,23555989.70
2023-03-25,23714.12,23579703.82
2023-03-28,8256.49,23587960.31
2023-03-29,3683.90,23591644.21
2023-03-30,262006.57,23853650.78
2023-03-31,64794.24,23918445.02
2023-04-02,23359.55,23941804.57
2023-04-03,88494.69,24030299.26
2023-04-05,39342.90,24069642.16
2023-04-08,192856.78,24262498.94
2023-04-09,7157.27,24269656.21
2023-04-10,19737.35,24289393.56
2023-04-11,40876.83,24330270.39
2023-04-12,68299.13,24398569.52
2023-04-13,206306.07,24604875.59
2023-04-14,2154.03,24607029.62
2023-04-15,7113.88,24614143.50
2023-04-16,4910.53,24619054.03
2023-04-19,9311.00,24628365.03
2023-04-20,307183.45,24935548.48
2023-04-21,59701.50,24995249.98
2023-04-22,15545.72,25010795.70
2023-04-23,22608.89,25033404.59
2023-04-24,22071.43,25055476.02
2023-04-26,193102.76,25248578.78
2023-04-27,18746.40,25267325.18
2023-04-28,1934.08,25269259.26
2023-04-30,15738.77,25284998.03
2023-05-01,115354.20,25400352.23
2023-05-02,255608.40,25655960.63
2023-05-03,4492.37,25660453.00
2023-05-04,4265.09,25664718.09
2023-05-05,1306.15,25666024.24
2023-05-06,4101.13,25670125.37
2023-05-08,60210.51,25730335.88
2023-05-09,14861.01,25745196.89
2023-05-10,97786.45,25842983.34
2023-05-11,1320.26,25844303.60
2023-05-12,7345.60,25851649.20
2023-05-14,110399.72,25962048.92
2023-05-15,24420.57,25986469.49
2023-05-16,18262.02,26004731.51
2023-05-17,68509.16,26073240.67
2023-05-18,11222.46,26084463.13
2023-05-19,24415.01,26108878.14
2023-05-20,252325.46,26361203.60
2023-05-21,30517.66,26391721.26
2023-05-23,54142.12,26445863.38
2023-05-24,6655.35,26452518.73
2023-05-25,20113.15,26472631.88
2023-05-26,20116.74,26492748.62
2023-05-27,12870.27,26505618.89
2023-05-28,267257.63,26772876.52
2023-05-29,58890.80,26831767.32
2023-05-30,1866.38,26833633.70
2023-05-31,929.99,26834563.69
2023-06-01,21288.09,26855851.78
2023-06-03,169866.51,27025718.29
2023-06-04,3798.23,27029516.52
2023-06-05,63181.18,27092697.70
2023-06-06,18230.17,27110927.87
2023-06-07,35104.21,27146032.08
2023-06-08,86406.63,27232438.71
2023-06-10,1363.62,27233802.33
2023-06-11,7105.13,27240907.46
2023-06-12,92274.07,27333181.53
2023-06-13,38825.22,27372006.75
2023-06-14,17327.17,27389333.92
2023-06-16,3579.56,27392913.48
2023-06-17,14740.44,27407653.92
2023-06-18,76809.55,27484463.47
2023-06-19,166296.31,27650759.78
2023-06-20,220411.96,27871171.74
2023-06-22,287805.30,28158977.04
2023-06-23,34068.07,28193045.11
2023-06-24,425671.08,28618716.19
2023-06-25,571731.19,29190447.38
2023-06-26,64232.22,29254679.60
2023-06-28,24391.55,29279071.15
2023-06-29,22408.25,29301479.40
2023-06-30,154375.13,29455854.53
2023-07-01,348679.65,29804534.18
2023-07-02,316643.16,30121177.34
2023-07-03,261118.04,30382295.38
2023-07-04,78653.22,30460948.60
2023-07-05,52504.16,30513452.76
2023-07-06,7512.30,30520965.06
2023-07-08,89795.40,30610760.46
2023-07-09,1496.48,30612256.94
2023-07-10,79466.86,30691723.80
2023-07-11,167923.84,30859647.64
2023-07-12,36072.83,30895720.47
2023-07-13,7230.99,30902951.46
2023-07-14,65650.08,30968601.54
2023-07-15,65950.11,31034551.65
2023-07-16,40920.78,31075472.43
2023-07-18,512438.57,31587911.00
2023-07-19,24722.97,31612633.97
2023-07-20,7251.26,31619885.23
2023-07-21,60888.76,31680773.99
2023-07-22,23505.82,31704279.81
2023-07-26,51559.26,31755839.07
2023-07-27,35414.96,31791254.03
2023-07-28,4719.04,31795973.07
2023-07-29,9050.42,31805023.49
2023-07-30,19679.11,31824702.60
2023-07-31,4399.59,31829102.19
2023-08-02,4102.15,31833204.34
2023-08-03,17249.57,31850453.91
2023-08-04,37890.18,31888344.09
2023-08-05,3379.22,31891723.31
2023-08-06,7940.00,31899663.31
2023-08-07,96651.57,31996314.88
2023-08-08,17340.79,32013655.67
2023-08-09,34071.72,32047727.39
2023-08-11,74630.22,32122357.61
2023-08-12,12882.40,32135240.01
2023-08-13,15390.40,32150630.41
2023-08-14,13441.16,32164071.57
2023-08-16,17585.15,32181656.72
2023-08-18,28351.05,32210007.77
2023-08-19,450415.80,32660423.57
2023-08-20,41465.49,32701889.06
2023-08-21,2775.18,32704664.24
2023-08-22,15807.39,32720471.63
2023-08-23,10795.16,32731266.79
2023-08-24,15775.13,32747041.92
2023-08-25,5281.71,32752323.63
2023-08-26,28292.85,32780616.48
2023-08-27,67234.92,32847851.40
2023-08-28,6763.33,32854614.73
2023-08-30,21388.71,32876003.44
2023-09-03,15864.89,32891868.33
2023-09-04,1847.83,32893716.16
2023-09-05,38236.92,32931953.08
2023-09-06,9195.44,32941148.52
2023-09-07,143648.94,33084797.46
2023-09-08,6002.98,33090800.44
2023-09-09,9014.80,33099815.24
2023-09-10,407292.37,33507107.61
2023-09-11,96480.50,33603588.11
2023-09-12,16727.24,33620315.35
2023-09-13,25390.02,33645705.37
2023-09-14,4816.56,33650521.93
2023-09-15,30059.01,33680580.94
2023-09-16,11478.78,33692059.72
2023-09-17,13809.83,33705869.55
2023-09-18,12426.71,33718296.26
2023-09-19,5833.61,33724129.87
2023-09-21,91585.22,33815715.09
2023-09-22,56988.11,33872703.20
2023-09-23,24674.01,33897377.21
2023-09-25,3986.15,33901363.36
2023-09-27,3116.89,33904480.25
2023-09-28,964.24,33905444.49
2023-09-29,311236.10,34216680.59
2023-09-30,20430.00,34237110.59
2023-10-01,24919.99,34262030.58
2023-10-02,47454.72,34309485.30
2023-10-03,3232.01,34312717.31
2023-10-04,16748.81,34329466.12
2023-10-05,115226.62,34444692.74
2023-10-06,18837.08,34463529.82
2023-10-07,621.44,34464151.26
2023-10-08,4663.90,34468815.16
2023-10-10,3110.21,34471925.37
2023-10-11,15037.22,34486962.59
2023-10-12,823.20,34487785.79
2023-10-13,33879.93,34521665.72
2023-10-14,1618.63,34523284.35
2023-10-17,4130.75,34527415.10
2023-10-18,2391.28,34529806.38
2023-10-19,521499.49,35051305.87
2023-10-20,33751.18,35085057.05
2023-10-21,24382.57,35109439.62
2023-10-22,44267.95,35153707.57
2023-10-23,445479.58,35599187.15
2023-10-24,7716.54,35606903.69
2023-10-25,9601.70,35616505.39
2023-10-26,13288.51,35629793.90
2023-10-27,18096.13,35647890.03
2023-10-28,1007.99,35648898.02
2023-11-01,48937.29,35697835.31
2023-11-02,2803.48,35700638.79
2023-11-05,56725.13,35757363.92
2023-11-06,406532.75,36163896.67
2023-11-07,18410.83,36182307.50
2023-11-08,127795.18,36310102.68
2023-11-09,14841.06,36324943.74
2023-11-10,805607.99,37130551.73
2023-11-11,65739.73,37196291.46
2023-11-12,40066.92,37236358.38
2023-11-13,2077.85,37238436.23
2023-11-14,2736.96,37241173.19
2023-11-15,4144.40,37245317.59
2023-11-16,18428.15,37263745.74
2023-11-17,14728.22,37278473.96
2023-11-18,46646.85,37325120.81
2023-11-19,90753.23,37415874.04
2023-11-20,574.87,37416448.91
2023-11-21,11957.98,37428406.89
2023-11-23,1049.44,37429456.33
2023-11-24,19186.17,37448642.50
2023-11-26,24873.34,37473515.84
2023-11-27,20353.75,37493869.59
2023-11-28,111815.92,37605685.51
2023-11-30,7294.09,37612979.60
2023-12-01,583447.27,38196426.87
2023-12-02,304712.78,38501139.65
2023-12-03,2975.51,38504115.16
2023-12-04,1646.25,38505761.41
2023-12-05,35326.21,38541087.62
2023-12-06,4665.39,38545753.01
2023-12-07,50464.70,38596217.71
2023-12-09,110506.54,38706724.25
2023-12-10,135341.06,38842065.31
2023-12-11,46070.98,38888136.29
2023-12-12,6225.97,38894362.26
2023-12-13,1224.49,38895586.75
2023-12-14,114221.13,39009807.88
2023-12-15,32970.69,39042778.57
2023-12-16,68892.14,39111670.71
2023-12-17,20479.05,39132149.76
2023-12-18,43535.77,39175685.53
2023-12-19,64888.19,39240573.72
2023-12-20,19095.15,39259668.87
2023-12-21,34853.89,39294522.76
2023-12-23,32722.21,39327244.97
2023-12-25,9170.40,39336415.37
2023-12-26,21584.84,39358000.21
2023-12-27,1609.34,39359609.55
2023-12-29,4766.06,39364375.61
2023-12-30,6847.31,39371222.92
2024-01-01,20814.72,39392037.64
2024-01-02,64142.85,39456180.49
2024-01-03,19983.39,39476163.88
2024-01-04,22076.63,39498240.51
2024-01-06,19382.89,39517623.40
2024-01-09,11274.32,39528897.72
2024-01-10,54234.22,39583131.94
2024-01-11,388071.14,39971203.08
2024-01-12,15705.23,39986908.31
2024-01-13,20669.07,40007577.38
2024-01-14,78639.79,40086217.17
2024-01-15,380286.80,40466503.97
2024-01-16,19744.49,40486248.46
2024-01-17,20548.37,40506796.83
2024-01-18,21472.32,40528269.15
2024-01-19,24750.29,40553019.44
2024-01-20,1395.72,40554415.16
2024-01-24,15058.63,40569473.79
2024-01-25,115795.20,40685268.99
2024-01-26,22118.59,40707387.58
2024-01-27,23205.92,40730593.50
2024-01-28,28053.38,40758646.88
2024-01-29,10114.97,40768761.85
2024-01-30,848.90,40769610.75
2024-01-31,1147.56,40770758.31
2024-02-01,1030.02,40771788.33
2024-02-03,445329.73,41217118.06
2024-02-04,24511.14,41241629.20
2024-02-05,172113.17,41413742.37
2024-02-06,57497.61,41471239.98
2024-02-07,26062.45,41497302.43
2024-02-08,18150.61,41515453.04
2024-02-10,8315.88,41523768.92
2024-02-11,18814.04,41542582.96
2024-02-12,102026.85,41644609.81
2024-02-13,58695.75,41703305.56
2024-02-14,41248.19,41744553.75
2024-02-15,4972.74,41749526.49
2024-02-17,4416.25,41753942.74
2024-02-18,11713.36,41765656.10
2024-02-19,74131.79,41839787.89
2024-02-20,397446.69,42237234.58
2024-02-21,23175.54,42260410.12
2024-02-22,600.73,42261010.85
2024-02-23,456932.31,42717943.16
2024-02-25,10571.91,42728515.07
2024-02-26,18853.94,42747369.01
2024-02-27,9031.63,42756400.64
2024-02-28,4214.27,42760614.91
2024-02-29,2300.92,42762915.83
2024-03-01,6726.09,42769641.92
2024-03-02,32335.74,42801977.66
2024-03-03,2972.97,42804950.63
2024-03-04,91728.71,42896679.34
2024-03-05,48070.93,42944750.27
2024-03-06,4099.69,42948849.96
2024-03-08,84310.96,43033160.92
2024-03-09,34231.03,43067391.95
2024-03-10,5862.93,43073254.88
2024-03-11,22643.32,43095898.20
2024-03-12,100062.11,43195960.31
2024-03-13,108166.33,43304126.64
2024-03-14,1555.05,43305681.69
2024-03-15,15671.85,43321353.54
2024-03-16,15558.84,43336912.38
2024-03-17,42373.66,43379286.04
2024-03-19,20745.51,43400031.55
2024-03-21,83991.93,43484023.48
2024-03-22,35028.75,43519052.23
2024-03-23,40127.38,43559179.61
2024-03-24,3324.56,43562504.17
2024-03-25,16485.92,43578990.09
2024-03-26,2343.42,43581333.51
2024-03-27,3232.65,43584566.16
2024-03-28,3452.89,43588019.05
2024-03-29,115212.81,43703231.86
2024-03-30,14285.38,43717517.24
2024-03-31,77923.33,43795440.57
2024-04-03,270342.26,44065782.83
2024-04-04,1681.95,44067464.78
2024-04-06,65344.24,44132809.02
2024-04-07,16549.86,44149358.88
2024-04-08,1053.75,44150412.63
2024-04-09,14936.22,44165348.85
2024-04-10,63898.44,44229247.29
2024-04-11,76836.83,44306084.12
2024-04-12,97811.14,44403895.26
2024-04-13,10496.10,44414391.36
2024-04-14,31864.68,44446256.04
2024-04-15,44304.57,44490560.61
2024-04-16,89737.11,44580297.72
2024-04-17,16326.98,44596624.70
2024-04-18,4291.85,44600916.55
2024-04-19,10822.24,44611738.79
2024-04-21,3099.88,44614838.67
2024-04-23,6015.43,44620854.10
2024-04-24,74157.08,44695011.18
2024-04-26,255559.27,44950570.45
2024-04-27,1417.04,44951987.49
2024-04-28,5800.03,44957787.52
2024-04-29,24921.37,44982708.89
2024-04-30,17615.05,45000323.94
2024-05-01,3688.06,45004012.00
2024-05-02,39486.53,45043498.53
2024-05-03,9797.51,45053296.04
2024-05-05,1961.46,45055257.50
2024-05-06,453480.19,45508737.69
2024-05-07,22451.75,45531189.44
2024-05-08,3741.30,45534930.74
2024-05-09,13656.04,45548586.78
2024-05-10,2252.68,45550839.46
2024-05-11,32186.77,45583026.23
2024-05-12,2129.18,45585155.41
2024-05-13,194896.10,45780051.51
2024-05-14,4886.05,45784937.56
2024-05-15,36948.64,45821886.20
2024-05-16,13528.53,45835414.73
2024-05-17,194937.59,46030352.32
2024-05-18,14400.99,46044753.31
2024-05-19,47524.38,46092277.69
2024-05-20,29016.40,46121294.09
2024-05-21,500552.90,46621846.99
2024-05-23,11850.43,46633697.42
2024-05-24,188580.19,46822277.61
2024-05-25,4635.20,46826912.81
2024-05-26,5992.85,46832905.66
2024-05-27,87796.92,46920702.58
2024-05-28,18060.19,46938762.77
2024-05-29,4307.02,46943069.79
2024-05-30,34099.40,46977169.19
2024-06-01,11197.20,46988366.39
2024-06-03,14597.57,47002963.96
2024-06-04,5555.15,47008519.11
2024-06-05,159797.80,47168316.91
2024-06-08,4306.68,47172623.59
2024-06-09,6352.24,47178975.83
2024-06-10,860.18,47179836.01
2024-06-11,210670.67,47390506.68
2024-06-12,7935.99,47398442.67
2024-06-13,29557.67,47428000.34
2024-06-15,11440.57,47439440.91
2024-06-17,107644.75,47547085.66
2024-06-18,3018.02,47550103.68
2024-06-19,67318.93,47617422.61
2024-06-20,26108.23,47643530.84
2024-06-21,202578.43,47846109.27
2024-06-22,17093.58,47863202.85
2024-06-23,8145.48,47871348.33
2024-06-24,100924.45,47972272.78
2024-06-25,6307.02,47978579.80
2024-06-26,13435.60,47992015.40
2024-06-27,463645.72,48455661.12
2024-06-28,44714.11,48500375.23
2024-06-29,9112.51,48509487.74
2024-06-30,18707.10,48528194.84
2024-07-01,19140.37,48547335.21
2024-07-02,5018.35,48552353.56
2024-07-03,12225.97,48564579.53
2024-07-04,11021.02,48575600.55
2024-07-05,25524.05,48601124.60
2024-07-07,17958.55,48619083.15
2024-07-08,21469.98,48640553.13
2024-07-09,12585.65,48653138.78
2024-07-10,47633.65,48700772.43
2024-07-11,7682.73,48708455.16
2024-07-12,15541.90,48723997.06
2024-07-13,236115.00,48960112.06
2024-07-14,64108.10,49024220.16
2024-07-15,3124.33,49027344.49
2024-07-16,19675.42,49047019.91
2024-07-17,32650.71,49079670.62
2024-07-18,5519.93,49085190.55
2024-07-19,32281.21,49117471.76
2024-07-20,9061.81,49126533.57
2024-07-23,37443.08,49163976.65
2024-07-24,8889.04,49172865.69
2024-07-26,921.10,49173786.79
2024-07-27,23067.98,49196854.77
2024-07-28,64356.94,49261211.71
2024-07-29,80279.45,49341491.16
2024-07-30,135213.42,49476704.58
2024-07-31,2476.83,49479181.41
2024-08-01,60474.15,49539655.56
2024-08-02,19271.92,49558927.48
2024-08-03,3790.04,49562717.52
2024-08-04,11616.11,49574333.63
2024-08-05,24691.13,49599024.76
2024-08-06,54746.43,49653771.19
2024-08-07,3877.48,49657648.67
2024-08-08,27028.50,49684677.17
2024-08-09,67407.88,49752085.05
2024-08-10,439132.07,50191217.12
2024-08-11,21337.93,50212555.05
2024-08-12,3958.91,50216513.96
2024-08-13,105877.33,50322391.29
2024-08-14,3766.89,50326158.18
2024-08-15,348523.96,50674682.14
2024-08-17,41600.26,50716282.40
2024-08-18,32714.54,50748996.94
2024-08-19,364213.89,51113210.83
2024-08-20,22582.43,51135793.26
2024-08-21,276015.48,51411808.74
2024-08-22,1673.96,51413482.70
2024-08-23,1212.84,51414695.54
2024-08-24,8089.77,51422785.31
2024-08-25,495035.95,51917821.26
2024-08-26,15729.05,51933550.31
2024-08-27,7669.01,51941219.32
2024-08-28,33200.42,51974419.74
2024-08-29,2429.32,51976849.06
2024-08-30,367311.74,52344160.80
2024-08-31,57610.19,52401770.99
2024-09-01,11168.69,52412939.68
2024-09-02,12557.17,52425496.85
2024-09-03,29818.96,52455315.81
2024-09-04,1559.85,52456875.66
2024-09-05,231750.84,52688626.50
2024-09-06,32839.38,52721465.88
2024-09-07,280695.35,53002161.23
2024-09-08,26617.58,53028778.81
2024-09-09,84133.54,53112912.35
2024-09-10,13048.50,53125960.85
2024-09-11,23763.23,53149724.08
2024-09-13,25074.27,53174798.35
2024-09-14,196651.61,53371449.96
2024-09-15,1913.76,53373363.72
2024-09-16,1993.32,53375357.04
2024-09-17,142763.37,53518120.41
2024-09-18,4225.19,53522345.60
2024-09-19,33855.24,53556200.84
2024-09-20,1535.02,53557735.86
2024-09-21,2869.80,53560605.66
2024-09-22,119606.43,53680212.09
2024-09-23,20402.13,53700614.22
2024-09-24,21797.45,53722411.67
2024-09-27,2773.35,53725185.02
2024-09-28,11995.85,53737180.87
2024-09-29,76479.39,53813660.26
2024-09-30,5768.42,53819428.68
2024-10-01,89058.20,53908486.88
2024-10-02,34286.15,53942773.03
2024-10-03,6285.63,53949058.66
2024-10-04,326168.98,54275227.64
2024-10-05,27355.78,54302583.42
2024-10-06,137208.53,54439791.95
2024-10-07,5460.13,54445252.08
2024-10-08,5866.45,54451118.53
2024-10-09,93886.34,54545004.87
2024-10-10,237262.55,54782267.42
2024-10-11,11043.98,54793311.40
2024-10-12,18538.26,54811849.66
2024-10-13,8180.85,54820030.51
2024-10-14,14525.56,54834556.07
2024-10-15,4499.66,54839055.73
2024-10-16,21630.14,54860685.87
2024-10-17,4637.47,54865323.34
2024-10-18,17779.58,54883102.92
2024-10-19,385216.38,55268319.30
2024-10-20,23876.50,55292195.80
2024-10-21,1998.68,55294194.48
2024-10-23,453886.38,55748080.86
2024-10-24,45387.80,55793468.66
2024-10-25,1934.95,55795403.61
2024-10-26,207299.15,56002702.76
2024-10-27,3418.58,56006121.34
2024-10-28,178771.26,56184892.60
2024-10-29,148628.92,56333521.52
2024-10-30,4280.06,56337801.58
2024-11-01,20474.75,56358276.33
2024-11-04,37766.23,56396042.56
2024-11-05,447421.99,56843464.55
2024-11-06,21583.83,56865048.38
2024-11-08,96186.63,56961235.01
2024-11-09,12398.11,56973633.12
2024-11-10,18630.49,56992263.61
2024-11-11,6833.20,56999096.81
2024-11-12,281643.85,57280740.66
2024-11-14,17319.69,57298060.35
2024-11-15,4126.79,57302187.14
2024-11-17,1226.65,57303413.79
2024-11-18,20670.94,57324084.73
2024-11-19,10751.15,57334835.88
2024-11-20,562919.05,57897754.93
2024-11-21,8419.14,57906174.07
2024-11-22,29422.94,57935597.01
2024-11-23,153436.92,58089033.93
2024-11-24,101921.10,58190955.03
2024-11-25,10219.31,58201174.34
2024-11-26,3907.85,58205082.19
2024-11-27,4346.32,58209428.51
2024-11-28,112992.67,58322421.18
2024-11-30,3407.23,58325828.41
2024-12-01,22868.87,58348697.28
2024-12-02,44634.76,58393332.04
2024-12-04,249520.34,58642852.38
2024-12-05,2631.57,58645483.95
2024-12-06,349141.80,58994625.75
2024-12-07,16503.50,59011129.25
2024-12-08,10241.52,59021370.77
2024-12-09,11867.52,59033238.29
2024-12-12,8907.36,59042145.65
2024-12-13,39088.89,59081234.54
2024-12-14,10810.76,59092045.30
2024-12-15,2056.64,59094101.94
2024-12-17,17812.88,59111914.82
2024-12-18,4530.44,59116445.26
2024-12-19,45727.40,59162172.66
2024-12-21,37535.04,59199707.70
2024-12-22,50095.85,59249803.55
2024-12-23,2366.25,59252169.80
2024-12-24,23019.18,59275188.98
2024-12-25,10495.54,59285684.52
2024-12-26,89650.71,59375335.23
2024-12-27,28926.82,59404262.05
2024-12-28,6494.65,59410756.70
2024-12-29,3142.91,59413899.61
2024-12-30,91425.45,59505325.06
